"DistinguishedName","Name","ObjectClass","ObjectGUID"
"OU=FastandFurious,DC=JARVIS,DC=control","FastandFurious","organizationalUnit","97f66b21-e706-4266-af07-c936bb54d601"
"CN=Drivers,OU=FastandFurious,DC=JARVIS,DC=control","Drivers","group","18033884-e1f1-4c22-a68b-dfcade148f0c"
"CN=Mechanics,OU=FastandFurious,DC=JARVIS,DC=control","Mechanics","group","3eacda0f-49aa-4b6b-b4a9-0b447b018356"
"CN=Operations,OU=FastandFurious,DC=JARVIS,DC=control","Operations","group","1ce8fdd7-9616-43a7-9d6e-806ce4ce3e03"
"CN=Dominic Toretto,OU=FastandFurious,DC=JARVIS,DC=control","Dominic Toretto","user","17199749-b472-49e6-bc1c-7ff9f0860175"
"CN=Letty Ortiz,OU=FastandFurious,DC=JARVIS,DC=control","Letty Ortiz","user","d1243f6c-c939-43f2-b407-6878cb69ac59"
"CN=Brian O'Conner,OU=FastandFurious,DC=JARVIS,DC=control","Brian O'Conner","user","69040552-0030-4e3d-bf8b-1a7dc64a82d1"
"CN=Mia Toretto,OU=FastandFurious,DC=JARVIS,DC=control","Mia Toretto","user","686cf2c3-0ffe-4406-8787-a3db43aa53e9"
"CN=Roman Pearce,OU=FastandFurious,DC=JARVIS,DC=control","Roman Pearce","user","f2430a8b-9b2f-4779-862d-d1710031a988"
"OU=thefastandfurious,OU=FastandFurious,DC=JARVIS,DC=control","thefastandfurious","organizationalUnit","02ccb484-72ec-4e52-ac26-d6cf558085f6"
"CN=Paul Walker,OU=thefastandfurious,OU=FastandFurious,DC=JARVIS,DC=control","Paul Walker","user","a814356c-e219-4899-bcd1-e3c9e68b35b0"
"CN=cars,OU=thefastandfurious,OU=FastandFurious,DC=JARVIS,DC=control","cars","group","a1760f2b-a049-45e3-ae03-539678edc8b0"
"CN=nos,OU=thefastandfurious,OU=FastandFurious,DC=JARVIS,DC=control","nos","group","83e642ea-bd6a-4559-87b3-cac6903d7488"
